id,title,artist,danceability,energy,key,loudness,mode,acousticness,instrumentalness,liveness,valence,tempo,duration_ms,time_signature
3Hz3tTQwOdM6XkA0ALB2G9,Feel Special,TWICE,0.708,0.959,1,-1.338,1,0.0296,0.00188,0.107,0.644,128.981,206867,4
2qQpFbqqkLOGySgNK8wBXt,FANCY,TWICE,0.697,0.874,5,-2.15,0,0.0122,0.0,0.627,0.775,132.018,213880,4
2bZIDMpzVooosmPHn0tHnd,STEREOTYPE,STAYC,0.605,0.805,6,-3.212,1,0.313,0.0,0.659,0.738,148.298,191696,4
7B9W7Qsy5M2kyUNjQYIEG8,DM,fromis_9,0.649,0.898,11,-3.291,0,0.0213,0.0,0.0576,0.663,122.028,204293,4
0lML1OdwDWQIyGF3i9vk2y,Love In Space,Cherry Bullet,0.662,0.942,2,-2.557,1,0.0523,7.2e-05,0.0937,0.578,155.998,216973,4
3d3ELsqKlQ7WA0a10Isu3l,LOVE SCENARIO,iKON,0.806,0.707,7,-4.623,1,0.331,0.0,0.294,0.746,118.009,209648,4
54s6sdPuMjVtdB5d5KFzTC,Save Me,BTS,0.614,0.823,1,-3.48,1,0.0269,0.0,0.0783,0.539,139.948,196506,4
5BXr7hYZQOeRttkeWYTq5S,ASAP,STAYC,0.764,0.802,0,-4.217,1,0.102,0.0,0.189,0.323,132.02,194080,4
1HQHuPpr2s2z3VIBTLtUmv,Like,BTS,0.582,0.726,0,-4.174,0,0.271,0.0,0.227,0.768,100.45,231883,4
6z1kLsntE7FuzKZHZWrXYN,instagram,DEAN,0.463,0.566,8,-6.195,1,0.196,0.0,0.284,0.219,93.921,255729,4
64P4md3mdMM8Dog2aThmzj,Troll (Feat. DEAN),DEAN,0.695,0.677,9,-4.186,1,0.394,0.0,0.274,0.663,80.956,189920,4
2jiI8bNSDu7UxTtDCOqh3L,21,DEAN,0.686,0.73,6,-5.673,0,0.18,0.0,0.341,0.576,109.93,207130,4
5GKwq4sO5ZHKuWaDmdwMQc,Bad Boy,Red Velvet,0.714,0.736,2,-3.801,1,0.191,0.0,0.0553,0.814,149.985,210818,4
285Bh5EkbxGGE76ge8JDbH,Lucid Dream,aespa,0.7,0.753,11,-3.841,0,0.0539,1.72e-05,0.072,0.146,97.998,210560,4
4SFknyjLcyTLJFPKD2m96o,How You Like That,BLACKPINK,0.812,0.761,11,-5.222,1,0.0465,0.000135,0.0601,0.344,130.032,182956,4
0vwVGoBPYRRBnw2z8Nyssi,RUN (with GRAY),Lee Jin Ah,0.762,0.677,4,-6.714,0,0.188,4.76e-05,0.073,0.579,137.023,226841,4
0PkpRtJqrwuXhbdtJuQm7E,Photograph,offonoff,0.597,0.458,3,-8.295,1,0.809,0.0,0.105,0.184,90.15,239003,4
7Mfb2IwRNP8Qi7Ojtpmi37,Perhaps Love,CHEEZE,0.529,0.555,3,-4.72,1,0.332,0.0,0.129,0.28,83.982,239097,4
5bMHrigI1EAmZdiyRzKoQi,ICONIC,aespa,0.816,0.842,8,-1.164,0,0.509,7.94e-06,0.0534,0.625,152.991,191200,4
6oAd7vjQSvS3Z3S5VxQQ03,굽 (feat. Loco),Loco,0.842,0.798,1,-3.54,1,0.478,0.0,0.116,0.861,108.055,202000,4
23PyDwW8pLgDsjpyFdjYgj,It′s You,Colde,0.673,0.27,1,-6.901,1,0.764,0.0,0.109,0.492,75.49,193000,4
3CYH422oy1cZNoo0GTG1TK,Psycho,Red Velvet,0.664,0.666,8,-2.203,1,0.193,0.0,0.0854,0.405,139.987,210560,4
2XdyebP7KxClMOse2C5iyA,Your Dog Loves You,Crush,0.667,0.233,9,-11.862,1,0.928,2.69e-05,0.154,0.131,101.865,270003,4
70EfheCNy3zOrcT2meMQ1g,Take It,IVE,0.802,0.934,9,-3.216,0,0.0609,0.0,0.0158,0.941,150.036,204973,4
1iIhGHzzrzqQfuNkFI2qAn,Any song,ZICO,0.874,0.787,10,-2.416,0,0.118,0.0,0.11,0.896,108.007,227227,4
3aW0ds4A4tSQDIp75FqWTo,FAKE LOVE,BTS,0.557,0.719,2,-4.515,0,0.00267,0.0,0.306,0.344,77.501,242334,4
0H4ugk6rhnXmTl47ayy9O5,Daechwita,Agust D,0.65,0.827,8,-4.014,1,0.0229,0.0,0.121,0.223,144.995,225668,4
2QyuXBcV1LJ2rq01KhreMF,ON,BTS,0.583,0.817,9,-5.146,0,0.118,0.0,0.338,0.438,105.936,246381,4
0M98PvIvx7vZ8LDpzMw1hB,Kill This Love,BLACKPINK,0.738,0.861,2,-4.141,1,0.318,0.00182,0.325,0.58,131.98,189052,4
33NAYATbWRoo5RuEP30JBZ,Love Shot,EXO,0.689,0.678,5,-4.287,0,0.0702,0.0,0.0889,0.335,145.883,200306,4
7b8YOVV5quZcSKEijDgyWB,DDU-DU DDU-DU,BLACKPINK,0.671,0.859,4,-3.922,0,0.0313,0.0,0.267,0.39,139.931,209355,4
5RGf8qn1TBWVplLyyKUsuV,Blood Sweat & Tears,BTS,0.583,0.885,0,-3.571,0,0.0244,0.0,0.357,0.601,92.959,217052,4
2OCR46ZCjCOi8BfkUYQ4S1,SHOOT!,ITZY,0.852,0.762,6,-4.448,0,0.333,1.66e-06,0.159,0.907,131.958,139213,4
44tTqUi3xi7E28QLzHVdUA,Anti-Romantic,TOMORROW X TOGETHER,0.641,0.489,0,-8.668,0,0.0509,0.0,0.071,0.206,142.977,215188,4
3p6hnejEQYXkiTO1lAzVc0,Euphoria,BTS,0.637,0.799,2,-4.519,1,0.394,0.0,0.0921,0.562,104.995,228615,4
7dlNGfd6Fq8xcFb4K6Glws,I Need U,BTS,0.475,0.897,5,-2.383,0,0.0184,0.0,0.296,0.642,78.918,210577,4
0pYacDCZuRhcrwGUA5nTBe,eight(Prod.&Feat. SUGA of BTS),SUGA,0.676,0.869,1,-1.573,1,0.115,0.0,0.132,0.594,120.029,167573,4
42tFTth2jcF7iSo0RBjfJF,Peek-A-Boo,Red Velvet,0.839,0.902,1,-3.612,0,0.0868,0.00257,0.272,0.639,114.953,189050,4
5HiSc2ZCGn8L3cH3qSwzBT,러시안 룰렛 Russian Roulette,Red Velvet,0.726,0.903,7,-2.277,0,0.055,0.000225,0.158,0.958,129.986,211244,4
0EQMrxdeiBhry9JCxskko3,I'm Fine,BTS,0.51,0.842,11,-2.782,0,0.00852,0.0,0.346,0.302,87.605,240339,4
5xv9DhjYckZoZwXifGrkQw,I'm In Love,Colde,0.614,0.333,10,-8.883,1,0.645,0.0,0.0819,0.661,140.059,197000,4
3QdjLOemIcMZovVOnvJP7P,Just A Little Bit,ENHYPEN,0.441,0.59,0,-5.615,1,0.242,0.0,0.349,0.411,84.633,167821,4
4EMAaWwu2zXTkXIA6YPKkt,Hi High,LOONA,0.671,0.918,7,-2.267,0,0.0349,9.59e-06,0.215,0.543,97.005,196801,4
2wVDWtLKXunswWecARNILj,SOLO,JENNIE,0.751,0.642,3,-5.165,0,0.0861,0.0,0.0953,0.388,95.045,169567,4
2ujA6F1cpk3m8lsPE5aKua,The Eve,EXO,0.636,0.702,0,-5.352,0,0.0223,0.0,0.293,0.516,135.104,176026,4
5SE57ljOIUJ1ybL9U6CuBH,DNA,BTS,0.598,0.775,1,-4.035,0,0.022,0.0,0.0677,0.687,129.819,223123,4
3Ys2PYl1wyPKQIwyqhP9cQ,Stay Gold,BTS,0.723,0.634,1,-5.415,1,0.0892,0.0,0.0787,0.582,129.017,243267,4
2tdq0CeAGSfhI2l4Gwkvgx,Best Of Me,BTS,0.651,0.756,8,-4.388,1,0.0298,0.0,0.396,0.473,121.96,227191,4
22ryCgQttpV7oCrn7llGRu,Magic Shop,BTS,0.541,0.661,1,-5.838,1,0.103,0.0,0.0779,0.285,149.926,275696,4
6rcn967QN5JtkPOBDwYIuT,BOOM,NCT DREAM,0.914,0.516,5,-4.178,0,0.131,0.0,0.0441,0.702,119.969,195080,4
6sohnLuyLeUYSg1pW5SqHm,WANNABE,ITZY,0.809,0.911,6,-4.41,0,0.00795,0.000179,0.181,0.64,122.035,191242,4
6SSC9KZQaxBdyipKRigrFC,Heart Attack (츄),LOONA,0.663,0.857,7,-3.457,1,0.0524,0.0,0.591,0.75,99.014,194941,4
6wNKKoUQfLPmch7cqSFytV,Butterfly,LOONA,0.582,0.849,7,-4.153,0,0.034,0.000138,0.119,0.355,107.004,237707,4
5XO1SOADQxkdqGLFxX8rLN,The Great Mermaid,LE SSERAFIM,0.625,0.824,0,-4.619,0,0.000884,0.0,0.0908,0.438,94.963,177795,4
7HGKvoju3ucB7UqVt1GoJu,YOUNG LUV,STAYC,0.695,0.749,7,-4.187,0,0.392,5.23e-05,0.104,0.458,129.905,206080,4
2AIWoHr9DF6y4KALCBKWQS,IDOL,BTS,0.734,0.855,9,-3.211,1,0.00481,0.0,0.123,0.422,126.035,222732,4
5awNIWVrh2ISfvPd5IUZNh,PTT (Paint The Town),LOONA,0.781,0.814,8,-2.437,1,0.0735,1.92e-05,0.0565,0.546,124.028,201120,4
7nKQ5WAcjnG48knyLuo8gO,Red Flavor,Red Velvet,0.709,0.917,9,-3.315,1,0.0409,0.0,0.0839,0.515,125.042,191139,4
2BQIMF7CyLe2xAKzh74A4C,Gee,Girls' Generation,0.749,0.923,1,-1.014,0,0.292,0.0,0.111,0.727,99.975,202200,4
5OnchRw2yAuIAwp2RYLCBa,Girl Front,LOOΠΔ / ODD EYE CIRCLE,0.717,0.795,4,-4.079,1,0.0487,1.67e-05,0.267,0.687,139.99,196734,4
6TBJkXHPhu3EsMk1bshwuI,ONLY,LeeHi,0.536,0.296,5,-7.451,1,0.892,0.0,0.0873,0.151,122.907,240907,3
6yGQ86UppYULzTCxAWgwVN,Why Not?,LOONA,0.806,0.934,2,-0.836,1,0.104,0.00108,0.0618,0.444,128.016,205520,4
4ZsSeCSgARNHlLa69ejGzz,WOW,LOONA,0.702,0.938,0,-2.264,1,0.0175,0.0,0.0762,0.564,105.963,178573,4
1j3zXAq0W9cLIpiAXwcYXF,"Girl's Talk (이브, 츄)",LOONA,0.736,0.806,10,-5.074,0,0.056,4.33e-05,0.0978,0.84,114.971,197469,4
4wGt2KmqMQ7LC5bqPi51sf,Star,LOONA,0.715,0.92,6,-1.787,0,0.0557,0.0037,0.0607,0.874,158.15,198187,4
4LkXtklCusSbi6UxYWgH8B,Scaredy Cat,DPR IAN,0.801,0.686,5,-4.252,0,0.133,0.0,0.0882,0.885,120.007,170800,4
0ZsRFf3jsn4MvGHUoIcKLy,ODD Front,LOOΠΔ / ODD EYE CIRCLE,0.632,0.806,4,-4.317,1,0.0346,2.87e-06,0.116,0.394,140.005,225733,4
52CBUrIdyf8tbZaUY9iawE,After School,Weeekly,0.634,0.928,1,-1.609,1,0.00719,2.55e-06,0.0626,0.738,164.007,205373,4
1XyzcGhmO7iUamSS94XfqY,The Feels,TWICE,0.808,0.903,9,-2.179,1,0.0899,0.0,0.0816,0.922,120.044,198053,4
1lhm29o3syw122xynSKaAK,Love Me Like That,Sam Kim,0.59,0.294,9,-8.125,1,0.854,0.0,0.0873,0.461,87.895,211364,4
2JPmY7ol32ok8N7wWLmfU6,Lost At Sea (Illa Illa 2),Afgan,0.673,0.512,11,-9.516,0,0.317,0.0,0.109,0.59,100.967,205545,4
2IgbYlOlFpiSFYnsqB39lM,Jasmine,DPR LIVE,0.597,0.486,8,-5.893,1,0.331,0.0,0.14,0.397,137.68,201511,4
1dN4Z7wZTQXLEl33RkMO3a,Text Me,DPR LIVE,0.846,0.592,5,-6.452,0,0.146,0.0,0.258,0.757,134.024,177343,4
6syar8JKCt3R9ZBl11zmgI,So Beautiful,DPR IAN,0.806,0.735,7,-4.833,0,0.281,0.000351,0.0722,0.788,122.025,187227,4
4M58f8RgOr3jr5ccG6hRTb,illa illa,B.I,0.74,0.625,11,-7.199,0,0.0926,0.0,0.0762,0.469,101.003,205003,4
7uQZVznj0uQOGC9KhV2Mg6,LALISA,LISA,0.806,0.653,8,-6.283,1,0.0282,0.000784,0.107,0.85,150.058,200690,4
6NEoeBLQbOMw92qMeLfI40,WHISTLE,BLACKPINK,0.818,0.723,11,-4.82,1,0.00561,0.0,0.0866,0.607,102.945,211632,4
1pz24zu5H9A0S1a2NKT4F0,SoulMate (feat. IU),IU,0.855,0.58,5,-6.951,1,0.234,0.0,0.0965,0.518,96.998,219391,4
4Rrv9oNClBhzKRfKwdkg99,The World Is My Oyster,LE SSERAFIM,0.623,0.837,5,-7.699,1,0.0203,0.454,0.199,0.601,120.043,106821,4
245onUPHGD1DYuiacxTuW0,KAZINO,BIBI,0.625,0.686,6,-3.715,0,0.139,0.0,0.11,0.263,133.041,185947,4
6O4J9lITTLkSoloSVbqbEj,Something,Gang Haein,0.617,0.638,2,-6.901,1,0.374,2.89e-06,0.302,0.69,75.956,229067,4
3DGKXLtVjawKFweymvHn84,키스는 다음에,LOONA,0.412,0.767,11,-4.108,1,0.176,0.0,0.0733,0.634,207.437,199754,4
2YVzshKzFglQLBXPYNpGI8,HULA HOOP,LOONA,0.684,0.976,6,-2.104,1,0.177,0.00043,0.407,0.847,119.905,199987,4
342lZcrcYRL1kN3a87g1ay,World is One 2021 (Feat. Eric Bellinger),Eric Bellinger,0.768,0.762,3,-4.042,0,0.2,5.65e-06,0.111,0.851,122.07,193787,4
4rKEmhNA19JezqVsSQS4yo,love4eva (feat. Grimes),LOONA/yyxy,0.738,0.954,1,-2.146,1,0.0692,0.0,0.222,0.742,102.015,220477,4
3lVzntD100XcGaW3HZ5FuU,Universe,LOONA,0.776,0.665,8,-3.971,1,0.374,0.0,0.0969,0.422,109.988,214360,4
1117juaaAkSIUsQxTmmcKM,Pretty U,SEVENTEEN,0.642,0.931,8,-2.82,1,0.0173,0.0,0.0815,0.884,155.088,207300,4
7hU3IHwjX150XLoTVmjD0q,MONEY,LISA,0.831,0.554,1,-9.998,0,0.161,6.12e-05,0.152,0.396,140.026,168228,4
1ayaOin9hxCtyhg4UsBTpg,Kick It,NCT 127,0.681,0.847,7,-2.462,1,0.0306,0.0,0.0808,0.507,167.031,233013,4
7zDu3l7DDlfSlt20YMKkWo,Martini Blue,DPR LIVE,0.767,0.551,11,-6.654,0,0.395,0.0,0.13,0.881,139.937,195205,4
4lpvCG7eNzHAXwvMxWUNjz,No Blueberries,CL,0.721,0.617,4,-6.178,0,0.507,0.0,0.252,0.902,148.032,185107,4
5zhMMVw097YOSvT0oDGgDV,zombie pop,DPR IAN,0.686,0.687,2,-7.794,1,0.00799,7.33e-05,0.0781,0.88,90.084,114380,4
4TiKZrN7gtc62SUiufpFCM,Dope,BTS,0.579,0.896,10,-2.781,0,0.0272,1.02e-06,0.352,0.678,153.991,240021,4
0BJMgVrnWIvgYsjq8KaPeh,SCIENTIST,TWICE,0.786,0.858,11,-3.74,1,0.0487,0.0,0.126,0.649,112.999,194600,4
5WrEilrRI5cIW0DxMvQYPZ,Jopping,SuperM,0.74,0.835,10,-3.425,0,0.0139,0.0,0.857,0.535,123.024,251293,4
7n2FZQsaLb7ZRfRPfEeIvr,ELEVEN,IVE,0.828,0.731,9,-3.033,1,0.0617,0.0,0.048,0.587,119.978,178453,4
0CnpSTdL9l5vQM4YnzXtyo,Panorama,IZ*ONE,0.726,0.963,9,-1.111,0,0.0429,0.00157,0.128,0.769,126.062,222853,4
2VJOpzv5sBpstCX9venJr5,Rollin',Brave Girls,0.69,0.878,1,-3.908,1,0.0312,0.0,0.188,0.548,124.948,197694,4
76ziL4M1nP9psv11be5812,Dance The Night Away,TWICE,0.711,0.861,0,-2.905,1,0.106,4.4e-05,0.112,0.78,118.004,180809,4
7od91jr6uXk0JoxVaIRA18,Chi Mat Ba Ram,Brave Girls,0.646,0.89,7,-1.679,1,0.0281,0.0,0.296,0.828,126.994,217320,4
2Gceplet3jzhweUib54mhf,PROMISE (for UNICEF Promise Campaign),EVERGLOW,0.533,0.82,6,-2.284,1,0.00335,0.0,0.0932,0.499,155.991,214440,4
3FARQP8fA49bSsTWjNyWmY,Secret Story of the Swan,IZ*ONE,0.703,0.941,7,-0.995,0,0.131,0.0,0.319,0.758,102.969,192333,4
1fRaznZsAB2i63TtmYv2Hc,La Vie en Rose,IZ*ONE,0.698,0.908,9,-1.211,0,0.0899,0.0,0.115,0.606,115.975,218994,4
2etvRAUH3Q7HrI0JFF9z9p,gimme gimme,NCT 127,0.612,0.846,0,-2.371,1,0.107,0.0,0.686,0.611,126.041,219732,4
4Wa3kUtGTeuPuC9qF9wF0g,Sequence,IZ*ONE,0.793,0.849,1,-3.137,0,0.00311,0.0,0.0506,0.771,125.957,190867,4
0P8lbWigAHXPKxUG60xh79,Naughty,Red Velvet - IRENE & SEULGI,0.693,0.759,7,-2.9,1,0.055,1.36e-06,0.116,0.635,112.983,198520,4
6BKOhvRPY54uvfqWwg7MKi,Up & Down,EXID,0.714,0.812,7,-2.703,1,0.00189,1.96e-06,0.229,0.377,112.018,189882,4
6LnEoRQKMcaFTR5UvaKuBy,Rock with you,SEVENTEEN,0.621,0.816,11,-5.242,1,0.0966,0.0,0.134,0.694,163.966,180360,4
7J2DJVB6R6c13oywavsmMG,Lemonade,Lee Eun Sang,0.742,0.604,8,-4.144,1,0.0951,3.77e-06,0.082,0.537,114.981,193578,4
4r34Yi0eltsu1tp6z4lq3x,XOXO,JEON SOMI,0.704,0.608,9,-6.339,1,0.0717,0.0,0.13,0.527,144.959,207650,4
5ex8dcO5ebAqj9gEPZyAdL,Alive,B.I,0.619,0.835,7,-5.724,1,0.381,0.000257,0.135,0.455,176.279,174535,4
2FHqVel9e7MZc1GNPEMtub,Flame,B.I,0.805,0.707,4,-6.662,0,0.1,0.000398,0.329,0.274,123.106,178865,4
0S38pb0gNLNpOeyV3w9gXb,Universe (Let's Play Ball),NCT U,0.587,0.895,5,-1.591,0,0.0524,0.0,0.0402,0.697,179.975,231467,4
6NBbpQfD2MZcCNBOy7iE7Q,Beautiful,NCT 2021,0.652,0.916,1,-1.511,1,0.429,0.0,0.124,0.713,127.97,261187,4
1F9FQp9dnnQWTkaK6Nzm1W,Fireflies (THE OFFICIAL SONG OF THE WORLD SCOUT FOUNDATION),NCT DREAM,0.744,0.674,1,-3.736,1,0.00253,0.0,0.201,0.73,127.941,200973,4
6x7fux7bZEfnChKx3nhSZn,Me Gustas Tu,GFRIEND,0.646,0.923,8,-1.309,1,0.166,0.0,0.0507,0.703,106.086,220745,4
6wH3AP7b01vpzKYRJhreMy,Black Swan,BTS,0.719,0.757,2,-5.167,0,0.137,0.0,0.129,0.489,147.024,198261,4
1wcr8DjnN59Awev8nnKpQ4,Drunk-Dazed,ENHYPEN,0.599,0.869,5,-5.174,0,0.000707,0.0,0.0911,0.453,132.889,193260,4
5QDLhrAOJJdNAmCTJ8xMyW,Dynamite,BTS,0.746,0.765,6,-4.41,0,0.0112,0.0,0.0936,0.737,114.044,199054,4
1mWdTewIgB3gtBM3TOSFhB,Butter,BTS,0.759,0.459,8,-5.187,1,0.00323,0.0,0.0906,0.695,109.997,164442,4
3XYRV7ZSHqIRDG87DKTtry,Permission to Dance,BTS,0.702,0.741,9,-5.33,1,0.00544,0.0,0.337,0.646,124.925,187585,4
4a9tbd947vo9K8Vti9JwcI,Boy With Luv (feat. Halsey),Halsey,0.645,0.862,11,-4.761,0,0.0933,0.0,0.193,0.803,119.947,229773,4
2ApfJvLr7RbhJl6NOVhEu6,Singularity,BTS,0.775,0.272,1,-9.126,0,0.56,0.00278,0.112,0.198,103.991,196998,3
4as4XEOR03oGm1STUKl6pa,BBIBBI,IU,0.839,0.617,7,-4.692,1,0.241,0.0,0.3,0.821,143.894,194426,4
01380RE6UfsPSdiUIwrCoH,MIC Drop (Steve Aoki Remix) - Full Length Edition,Steve Aoki,0.606,0.85,11,-3.952,1,0.0114,1.01e-06,0.206,0.542,170.01,307676,4
5xrtzzzikpG3BLbo4q1Yul,LILAC,IU,0.738,0.89,2,-2.275,0,0.0895,1.89e-06,0.213,0.75,114.942,214253,4
6Yc3tjFCVR2bfAQFRTZBef,HOME,BTS,0.633,0.799,7,-4.625,0,0.0144,0.0,0.194,0.534,142.991,234178,4
1oVEVmVaI590kt8bCZ90uU,Holiday Party,Weeekly,0.825,0.72,7,-4.196,1,0.00846,6.88e-06,0.0294,0.417,87.993,189307,4
1ry2mTVmAJHbNLzl5qww5v,So What,LOONA,0.609,0.944,11,-2.503,1,0.0963,1.26e-05,0.222,0.533,125.121,198001,4
6rVCUwfnuYTAsX4P9fIdIu,Dreams Come True,aespa,0.686,0.901,0,-0.21,1,0.0699,0.0,0.306,0.571,98.977,204933,4
3dbLT62Cvs46Ju7a8gpr36,Savage,aespa,0.727,0.879,9,-1.167,1,0.124,1.17e-05,0.244,0.671,146.959,238144,4
2zrhoHlFKxFTRF5aMyxMoQ,Next Level,aespa,0.82,0.852,11,-2.567,0,0.488,5.94e-06,0.0907,0.82,109.036,221573,4
0IEVKWduAaMcZepZQVr80T,Likey,TWICE,0.723,0.903,4,-1.262,0,0.413,0.000377,0.118,0.443,132.006,207813,4
3zhbXKFjUDw40pTYyCgt1Y,What is Love,TWICE,0.574,0.909,8,-1.573,1,0.0987,0.0,0.264,0.569,169.966,208240,4
4C1gPXWkowF036ec0eeyMn,I'LL BE YOUR SPRING,Olivia Hye,0.581,0.45,9,-7.019,1,0.726,0.0,0.0997,0.28,77.202,189664,4
6qcStcFkvl3XmlO5dNVeTJ,KNOCK KNOCK,TWICE,0.672,0.968,1,-2.636,0,0.0243,0.0,0.0586,0.473,129.971,195753,4
4c2fRixcg0mAM67Xp7xG4S,MORE & MORE,TWICE,0.739,0.841,5,-4.162,1,0.0312,0.0,0.173,0.562,106.99,199653,4
0H2rYzZUrfW9dGucTw2BBf,CANDY,TWICE,0.853,0.734,8,-2.347,1,0.212,0.0,0.0671,0.78,116.03,195053,4
45NOI0pWJD329lSnihcQo3,GET LOUD,TWICE,0.727,0.956,11,-3.636,0,0.046,0.00129,0.338,0.851,119.999,186970,4
1rqUSm3mxl0qKo9Tjbt9jX,선인장 (CACTUS),TWICE,0.511,0.615,11,-4.081,1,0.122,0.0,0.154,0.223,169.835,217213,4
1AmRH4GPVnP8NUSbX22HwB,"HELLO (NAYEON, MOMO, CHAEYOUNG)",TWICE,0.813,0.638,0,-4.274,0,0.0363,0.0,0.057,0.544,169.968,183213,4
1ZEFYW6nPEvIcsIvymgsLk,WA-R-R,Colde,0.735,0.358,1,-9.227,0,0.873,0.0,0.102,0.236,112.901,272000,3
7CAdT0HdiQNlt1C7xk2hep,Stay Alive (Prod. SUGA of BTS),Jung Kook,0.512,0.76,2,-5.889,0,0.299,0.0,0.103,0.495,130.096,210928,4
5elW2CKSoqjYoJ32AGDxf1,Polaroid Love,ENHYPEN,0.738,0.67,7,-3.766,0,0.458,0.0,0.361,0.651,138.055,184602,4
1E8Cztx0OIj4zm1IZh2XXj,Like A Fool,Sam Kim,0.496,0.491,9,-8.628,1,0.55,0.0,0.123,0.5,176.92,214427,3
1nFjZcb68bXrNVStialSdC,Balloon,ZICO,0.74,0.423,1,-9.71,0,0.815,0.0782,0.107,0.629,90.001,218680,4
34xITkFwc6r6axSKEWcMzA,Friend,Kim Heewon,0.323,0.237,8,-10.703,1,0.921,0.0,0.213,0.194,148.885,263933,4
7lB4rxNVc7vm33ZSZXVRAQ,CHEER UP,TWICE,0.551,0.885,6,-1.489,1,0.139,0.0,0.114,0.509,172.95,208853,4
60jFaQV7Z4boGC4ob5B5c6,TT,TWICE,0.708,0.852,2,-4.398,1,0.0525,0.00016,0.399,0.396,129.946,212987,4
26OVhEqFDQH0Ij77QtmGP9,YES or YES,TWICE,0.702,0.913,11,-2.977,1,0.0514,3.72e-06,0.166,0.735,137.981,237680,4
3dGau6VEg8Vo3SX8yKqOa3,UP NO MORE,TWICE,0.709,0.88,2,-2.734,1,0.0298,4.46e-06,0.103,0.713,119.948,214240,4
30aVEUz4NgkGuegz32gjl8,If you're with me,Sung Si Kyung,0.393,0.386,0,-8.676,1,0.802,0.0,0.112,0.31,143.38,231693,4
3lrNsPdn98i6rxO142pLT6,O.O,NMIXX,0.39,0.767,11,-3.918,0,0.0354,4.26e-06,0.0601,0.285,200.263,172936,4
3ucx0k0IosRjrsmQc34zUW,TANK,NMIXX,0.637,0.927,0,-4.771,1,0.0293,0.000564,0.408,0.504,179.905,168147,4
3Rt7BjFHnJ4QxBGT897Vs2,BOKE,CIKI,0.802,0.488,1,-5.523,0,0.569,1.55e-05,0.22,0.496,94.994,184510,4
2oBMZYteeO8DyXV9gDx6Za,Feel My Rhythm,Red Velvet,0.412,0.94,1,-2.171,1,0.0648,0.0,0.358,0.423,157.964,210253,4
2g0LdZQce9xlcHb1mBJyuz,strawberry moon,IU,0.475,0.712,6,-3.306,1,0.138,0.0,0.0936,0.443,169.796,205333,4
5quFr5s5PXYfUX5jV2EBZ1,GANADARA (Feat. IU),IU,0.492,0.615,2,-6.663,1,0.196,0.0,0.0772,0.458,90.081,203728,4
0dcnrLo8s1rhjm8euGjI4n,DARARI,TREASURE,0.716,0.638,0,-6.87,1,0.486,0.0,0.0702,0.552,84.955,220716,4
0IGUXY4JbK18bu9oD4mPIm,TOMBOY,(G)I-DLE,0.755,0.87,1,-2.414,0,0.00988,0.0,0.0917,0.645,124.032,174387,4
6SpPr7K4YQ2wp8jU6uOTmQ,Queendom,Red Velvet,0.695,0.896,5,-1.24,1,0.179,0.0,0.0626,0.508,119.959,181760,4
186NCtNk1tUYS7c2DxgJ7O,Christmas Tree,V,0.437,0.384,5,-8.384,1,0.699,2.33e-05,0.121,0.181,139.009,209947,4
4gdiCHNbwugojBqr5Jt3pq,WA DA DA,Kep1er,0.785,0.907,10,-2.657,1,0.00122,3.11e-06,0.213,0.685,126.004,183693,4
37ZtpRBkHcaq6hHy0X98zn,I CAN'T STOP ME,TWICE,0.657,0.88,10,-3.672,0,0.121,0.0,0.463,0.769,150.084,205493,4
3kwr2hlIDwmwVAjKC7zshR,Ven para,Weeekly,0.73,0.819,1,-2.845,1,0.00226,3.52e-05,0.0586,0.287,99.996,194693,4
14k4ALBLN2FjtELYDcQUoi,MOONLIGHT,TWICE,0.807,0.704,5,-5.496,0,0.0245,0.0,0.0535,0.961,115.995,219387,4
5IWlLl3xT95o8TSv3O8tRH,Rain Song (Feat. Colde),Colde,0.677,0.576,6,-5.43,1,0.631,0.0,0.125,0.562,87.934,243785,4
4AHNi316rl3KI3hKIsdxZe,Restless,BIBI,0.575,0.607,5,-6.897,1,0.382,0.000112,0.115,0.298,89.985,267080,4
0Q5VnK2DYzRyfqQRJuUtvi,LOVE DIVE,IVE,0.703,0.709,1,-4.169,0,0.00379,5.43e-05,0.333,0.538,117.941,177187,4
0LMdtBOxbVgrYoA4n0Vwvv,ROYAL,IVE,0.796,0.85,1,-2.987,1,0.0905,3.39e-06,0.205,0.47,109.922,206227,4
2JaVEjpz0CVmO7lKP4MqL4,Rum Pum Pum,Lee Jin Ah,0.255,0.702,6,-5.308,0,0.422,0.00146,0.343,0.328,174.65,306627,3
0JL7DoEqAUcOntWmBuOSdh,For You,Crush,0.588,0.452,7,-7.778,1,0.724,0.0,0.107,0.267,83.936,205120,4
0amQL57HiAFWSO6Yz64tD1,I Fxxking Love You,Colde,0.657,0.546,6,-6.115,0,0.66,0.000268,0.107,0.318,79.984,243000,4
65fXThxSPfQSkgae7GStrD,You Don't Need My Love?,Colde,0.782,0.472,5,-7.52,0,0.575,0.0,0.385,0.694,103.002,192000,4
1ffNBM0LCbHya4SezmmAH8,Control Me,Colde,0.63,0.664,7,-6.722,0,0.837,0.0,0.426,0.773,85.911,204999,4
02bKxwW9XY9LElj0TqDK6S,Fairy Tale,Seori,0.445,0.456,6,-8.05,0,0.294,0.000178,0.179,0.13,189.96,217947,3
7xgHy510SVkSgV1ZpzElW1,Boom,DPR IAN,0.647,0.755,6,-6.891,1,0.317,0.0,0.102,0.716,85.014,201320,4
77bGNpC1hZH3JSZQhR1vxn,boy,offonoff,0.73,0.387,7,-8.473,0,0.694,0.0,0.108,0.132,131.958,233959,4
7hg44Uac2HOBJCLWsHXMQp,Being left (Feat. Dvwn),Dvwn,0.576,0.56,4,-7.475,1,0.482,0.0,0.121,0.355,79.814,218813,4
3v7M2SwKHQZ8domnAQV2DJ,Complex (Feat. G-DRAGON),G-DRAGON,0.82,0.458,0,-10.207,1,0.576,4.01e-05,0.467,0.546,95.015,207493,4
3rQmTAyMDDZ73rMyhLkn98,Dance,offonoff,0.805,0.393,3,-6.976,0,0.717,6.56e-06,0.105,0.407,89.03,219034,4
4T2cOfemKB0owJS2JOu7dF,"Can I Love ? (feat. youra, Meego)",Meego,0.708,0.441,5,-4.212,0,0.555,4.52e-06,0.121,0.275,79.958,229750,4
296nXCOv97WJNRWzIBQnoj,FEARLESS,LE SSERAFIM,0.863,0.62,7,-7.167,1,0.0508,0.00324,0.129,0.432,103.971,168437,4
5oH4DQAuu1J1800RzUsBWa,That That (prod. & feat. SUGA of BTS),SUGA,0.905,0.962,4,-3.197,1,0.0299,0.0,0.0272,0.906,129.969,174647,4
1ezubi9SlRqI3fHoGXjuP7,SHAKE IT,LOONA,0.757,0.805,11,-2.982,0,0.0162,0.0,0.0571,0.456,119.995,254027,4
4IaxDf2FixiQXq0mW7key9,ZOOM,Jessi,0.874,0.6,6,-6.064,1,0.00942,0.0,0.126,0.457,100.012,174840,4
0MEJznR74sW0mnSnkbiQia,PTT (Paint The Town),LOONA,0.646,0.858,3,-4.342,0,0.152,1.54e-05,0.0525,0.366,124.027,254280,4
3gFcGnU4kTdMYLXDjH1TK8,RUN2U,STAYC,0.722,0.676,11,-5.885,0,0.000835,1.2e-05,0.321,0.362,129.943,213427,4
37YoRLUu1qId0ewavgvnkG,Blue Flame,LE SSERAFIM,0.781,0.725,4,-3.571,0,0.0281,0.0,0.0761,0.765,112.045,201895,4
5WQC05Grv4VpCYYwKzJYzY,Laputa (Feat. Crush),Crush,0.818,0.486,4,-7.037,0,0.319,0.0,0.247,0.679,122.79,217334,4
0BTaaKT4RMbs5M73tOHX5Y,Alcohol-Free,TWICE,0.688,0.909,8,-1.992,1,0.0474,1.35e-06,0.0674,0.702,97.097,210573,4
6kKC35sKUh2FUx4M0qAL44,Candy,BAEKHYUN,0.649,0.767,11,-3.838,0,0.24,0.0,0.0929,0.608,149.918,227173,4
36UcoqH2P24RtSGbLKLK3w,멋지게 인사하는 법 (Hello Tutorial) (Feat. 슬기 (SEULGI) of Red Velvet),SEULGI,0.739,0.348,0,-7.477,1,0.675,0.0,0.326,0.498,98.047,202343,4
4AVviIWw2hMpX4FHz3OtN2,Light,Colde,0.792,0.632,1,-4.477,1,0.259,0.0,0.312,0.567,83.916,233000,4
4NKQTbmiBtm1MwqBbQQhpM,DRIVE (Feat. GRAY),GRAY,0.65,0.749,5,-3.707,0,0.186,0.0,0.0723,0.929,150.026,212334,4
5uFqjHOo3Sh0bVPCKf3DdH,Illusion,aespa,0.75,0.718,2,-2.817,0,0.0814,1.75e-05,0.322,0.592,90.027,195053,4
7nthiiDfS9WHNHDMwmAz98,BTBT,DeVita,0.766,0.663,9,-6.932,0,0.334,0.0,0.117,0.509,109.967,219550,4
7cHXwaBnIBFUPuP376z07E,Flip That,LOONA,0.803,0.831,11,-3.649,0,0.072,0.0,0.328,0.736,112.045,177373,4
65Q3dBSnGq6rRGh7szSWYm,Pale Blue Dot,LOONA,0.738,0.845,11,-3.671,0,0.00261,1.82e-06,0.05,0.69,112.045,205493,4
6m81zUhuw7mVp37OummGgw,Playback,LOONA,0.778,0.825,9,-4.282,1,0.101,0.0,0.0963,0.698,100.005,211613,3
6wBpO4Xc4YgShnENGSFA1M,Sour Grapes,LE SSERAFIM,0.779,0.801,6,-5.564,0,0.395,0.0,0.108,0.72,139.998,196540,4
0mBP9X2gPCuapvpZ7TGDk3,Left and Right (Feat. Jung Kook of BTS),BTS,0.881,0.592,2,-4.898,1,0.619,1.32e-05,0.0901,0.719,101.058,154487,4
3lOMJTQTd6J34faYwASc33,POP!,NAYEON,0.795,0.859,2,-2.994,1,0.0361,0.0,0.0321,0.356,96.986,168107,4
4zHvWi4iFAG45lgiN7smLC,NO PROBLEM (Feat. Felix of Stray Kids),Felix of Stray Kids,0.599,0.752,6,-3.165,1,0.0503,0.0,0.149,0.899,115.356,196160,4
0GnydTKmczMoKOEl1D4URI,LOVE COUNTDOWN (Feat. Wonstein),Wonstein,0.693,0.844,11,-2.481,0,0.242,0.0,0.0618,0.862,159.937,197613,4
3r6v6awkmqrHLj9yKaYZmZ,CANDYFLOSS,NAYEON,0.832,0.745,1,-3.546,1,0.0831,0.0,0.177,0.711,107.995,181413,4
6QLs06H0H54PPV90ZUVWRE,ALL OR NOTHING,NAYEON,0.566,0.599,1,-4.134,1,0.144,0.0,0.0853,0.923,180.106,184800,3
4hD3GY02X1jqSeku2G9FxS,HAPPY BIRTHDAY TO YOU,NAYEON,0.632,0.768,11,-3.065,0,0.157,0.0,0.374,0.591,173.879,185533,4
6jSauW5Y6KqoQqhE75SWKY,SUNSET,NAYEON,0.521,0.545,6,-5.309,1,0.724,0.0,0.13,0.39,84.84,193147,4
4XKXphKH76W4zNpkgFS5o2,MORE,j-hope,0.783,0.722,2,-4.864,1,0.00537,0.00209,0.105,0.306,97.031,180022,4
2LowwiemmGMzzNSH1PJprK,It's Definitely You,JIN,0.737,0.731,10,-3.193,0,0.241,0.0,0.087,0.761,94.999,230693,4
7rXcCpIAoOUCydkVDMcoPV,INVU,TAEYEON,0.599,0.816,11,-3.412,0,0.0911,2.17e-06,0.0961,0.399,106.962,204973,4
4JzCFEc3O2UEdjKzevvFH5,For Youth,BTS,0.633,0.511,2,-5.665,1,0.434,0.0,0.248,0.29,116.855,264481,3
10SRMwb9EuVS1K9rYsBfHQ,Yet To Come,BTS,0.559,0.885,1,-4.515,1,0.0432,0.0,0.333,0.683,172.029,193594,4
2WTHLEVjfefbGoW7F3dXIg,Girls,aespa,0.57,0.974,3,-0.173,0,0.115,0.000594,0.125,0.65,171.958,240440,4
6Tj9KfzPp7tmgcDdsaPwGE,Black Mamba,aespa,0.612,0.912,2,-2.853,1,0.064,0.000799,0.0843,0.472,90.006,174933,4
49jIwnU0pAUWorDG4ahISg,XXXX,CHUNG HA,0.741,0.662,9,-4.639,1,0.0923,0.0,0.306,0.713,109.953,168000,4
0oUK4m2wNIBPfejlcB1N9k,Crazy Like You (feat. BIBI),BIBI,0.536,0.639,9,-3.999,0,0.0957,0.0,0.209,0.502,170.94,175480,3
1zFT6Z2zT4Z4kUFnerd9lE,Love Me Out Loud,CHUNG HA,0.397,0.697,1,-3.749,1,0.00731,0.0,0.198,0.414,120.926,204760,4
0um5z70pgfggfEzkhQuspz,Nuh-Uh,CHUNG HA,0.502,0.692,10,-6.174,0,0.513,0.000182,0.174,0.608,154.301,200880,5
4wqvBkHI3a75Fmlirlq3uD,I WANT U BABY,STAYC,0.738,0.598,7,-6.186,0,0.383,0.0,0.139,0.426,135.864,173733,4
3pNcAmfGXKeKvsSG2h1teI,Kiss,NMIXX,0.689,0.874,8,-2.341,1,0.151,0.0,0.0564,0.69,123.055,186573,4
0a4MMyCrzT0En247IhqZbD,Hype Boy,NewJeans,0.593,0.935,4,-3.43,0,0.268,0.0,0.286,0.783,99.976,179027,4
30VA0uReR9jKiFU7ddriN6,LOVE,STAYC,0.78,0.767,8,-4.979,1,0.313,8.95e-05,0.124,0.449,105.01,186208,4
2DwUdMJ5uxv20EhAildreg,Cookie,NewJeans,0.847,0.638,0,-3.764,1,0.0596,0.0,0.0894,0.661,156.935,235562,4
5expoVGQPvXuwBBFuNGqBd,Hurt,NewJeans,0.599,0.446,10,-6.511,0,0.731,0.0,0.105,0.567,179.877,177947,4
2pIUpMhHL6L9Z5lnKxJJr9,Attention,NewJeans,0.811,0.648,10,-3.684,0,0.236,0.0,0.0761,0.695,104.988,180067,4
69xohKu8C1fsflYAiSNbwM,Run BTS,BTS,0.724,0.818,8,-3.747,1,0.0201,0.0,0.0358,0.696,77.004,204940,4
7GNRUsU3M4XNDDB9xle5Dz,That That (prod. & feat. SUGA of BTS),SUGA,0.905,0.962,4,-3.197,1,0.0299,0.0,0.0272,0.906,129.969,174647,4
2WoluqyWzsgRmFCeHeGlnm,SNEAKERS,ITZY,0.935,0.849,7,-3.047,1,0.0192,0.0,0.0223,0.551,119.986,179453,4
0OCDOcvQvozjsivREMojzx,Mixtape : Time Out,Stray Kids,0.555,0.945,2,-1.934,1,0.0453,0.0,0.244,0.389,160.006,175293,4
3660VWl7PCUsXhZlakn0KY,SMARTPHONE,YENA,0.628,0.878,2,-2.25,1,0.0351,2.16e-06,0.13,0.742,87.969,198587,4
4vJfBno2d0mTjMcYn5lEln,Ballroom Extravaganza,DPR IAN,0.513,0.772,5,-5.789,1,0.112,0.00081,0.121,0.409,145.084,189947,4
56s2s5e8WuBsWVKnmz6J9L,BEAUTIFUL MONSTER,STAYC,0.594,0.647,6,-4.347,1,0.121,0.0,0.352,0.511,82.321,180001,4
63irPUP3xB74fHdw1Aw9zR,MANIAC,Stray Kids,0.581,0.8,1,-2.613,1,0.154,0.0,0.0697,0.709,119.872,182758,5
3XZAvh2NCDQYHgJei35VQ1,Up!,Kep1er,0.753,0.932,6,-2.706,1,0.0205,4.31e-06,0.0326,0.918,124.006,192027,4
6I2tqFhk8tq69iursYxuxd,HOT,SEVENTEEN,0.765,0.777,5,-4.376,0,0.0539,2.58e-06,0.338,0.64,111.944,197587,4
4JmbtS0Muijl37KP9lDscy,Heart Burn,SUNMI,0.84,0.656,6,-5.162,0,0.0287,4.38e-06,0.0714,0.783,121.99,193173,4
308Ir17KlNdlrbVLHWhlLe,The Feels,TWICE,0.808,0.903,9,-2.179,1,0.0899,0.0,0.0816,0.922,120.044,198053,4
1t2qYCAjUAoGfeFeoBlK51,Black Mamba,aespa,0.52,0.915,2,-2.862,1,0.0618,0.000946,0.0856,0.5,90.069,174933,4
7eVu7FI02cTicLEgVtUvwF,ZOO,GISELLE,0.823,0.923,9,-2.875,1,0.127,0.0,0.0571,0.629,122.922,177413,4
0Z99Xe1lGBmq60RwJ5YU18,PING PONG,HyunA&DAWN,0.855,0.87,10,-2.059,0,0.0122,0.000675,0.0202,0.863,103.028,158253,4
5zwwW9Oq7ubSxoCGyW1nbY,Pink Venom,BLACKPINK,0.693,0.734,4,-6.189,1,0.0145,0.0,0.217,0.708,180.06,186964,4
6yox9CUPrQQp2HtXZsUJkz,Queen of Hearts,TWICE,0.658,0.848,10,-2.534,0,0.0909,0.0,0.0728,0.816,149.932,186947,4
56Yxkm62GtEpnPyG7TvwLY,LOCO,ITZY,0.759,0.886,1,-3.067,1,0.0103,2.04e-05,0.342,0.489,102.065,191462,4
6PRy17C5LiiN7VCLS6IA98,Future Perfect (Pass the MIC),ENHYPEN,0.658,0.9,9,-3.479,0,0.0364,0.0,0.0771,0.526,156.096,180750,4
1HsSIPLTQT354yJcQGfEY3,Good Boy Gone Bad,TOMORROW X TOGETHER,0.475,0.695,1,-5.919,1,0.0159,0.0,0.125,0.552,100.009,191038,4
2QWEMqQMJR1KDf6hDjJOs6,Arson,j-hope,0.938,0.798,1,-3.998,1,0.00813,7.03e-05,0.146,0.265,99.992,159762,4
1Wcr8zrKqbUX0zwN8Dbr16,In the morning,ITZY,0.846,0.814,6,-4.685,0,0.0823,0.00094,0.13,0.722,140.055,172373,4
3QwiidVHfeE9y5jl4n2MTC,_WORLD,SEVENTEEN,0.709,0.809,2,-3.198,0,0.312,0.0,0.0899,0.788,111.01,178453,4
6TzU11huC8Hz4FVEsvCeE7,Sparkling,CHUNG HA,0.6,0.923,1,-1.926,0,0.166,0.0,0.32,0.712,160.025,186907,4
3pqgVtpnQbBAZoWT4AEm1B,Stay This Way,fromis_9,0.682,0.855,11,-2.421,1,0.0709,0.0,0.046,0.764,123.945,195653,4
3jATBjBJAWLVkAB2gCjrqE,BOOM,LEE MINHYUK (HUTA),0.713,0.875,1,-3.323,1,0.0271,0.0,0.0572,0.432,96.068,201080,4
02Vb9vfZUmqAKNhQwFjPSZ,I LOVE U,WINNER,0.782,0.683,0,-3.31,1,0.021,0.0,0.0576,0.885,105.024,176000,4
1CkTEh21SLHbiAj2qy8wc1,Ma Boy,SISTAR19,0.751,0.767,7,-4.752,0,0.353,2.71e-06,0.289,0.768,89.93,196702,4
3MU7mQWCeNx7m75r1107Ds,Test Me,Xdinary Heroes,0.515,0.938,2,-2.7,1,0.0208,0.0,0.114,0.654,166.026,199160,4
6jUq2EfNMW7SizzNVVGvhm,Ring The Alarm,KARD,0.753,0.847,4,-2.731,0,0.219,0.0,0.0961,0.715,99.929,185053,4
4Ws314Ylb27BVsvlZOy30C,Lovesick Girls,BLACKPINK,0.654,0.707,6,-5.661,1,0.00559,0.0,0.0873,0.448,127.97,194765,4
0lNPjT58llQGlycRA2mea4,Last Sequence,WJSN,0.664,0.887,7,-2.331,0,0.174,0.0,0.0894,0.718,121.092,187467,4
53NYRM8s4mm4yeCsmsvTik,Freak,ZICO,0.629,0.886,0,-2.105,0,0.0177,0.0,0.296,0.83,141.036,169973,4
3LCwQoTrdQgHsGJE5gGVqx,Step Back,GOT the beat,0.636,0.81,1,-2.035,1,0.0205,1.04e-05,0.596,0.611,161.897,228613,4
2FA4veLVh3jf7O8q5VhNh5,Somebody!,Hwa Sa,0.719,0.683,7,-6.081,1,0.329,0.0,0.123,0.768,105.02,177413,4
078ikJBghCOeTJnz8vmr19,Drummin′,TO1,0.692,0.914,7,-2.154,1,0.00323,1.09e-05,0.0203,0.686,163.994,200227,4
620yE97rij2snTka7EbKH0,BRB,H1GHR MUSIC,0.819,0.799,10,-5.735,1,0.287,0.000215,0.0369,0.903,140.02,304747,4
0CB3B5ir8I2KbB3dkGVtWF,At That Moment,WSG WANNBE (Gaya-G),0.575,0.794,7,-2.673,1,0.213,0.0,0.365,0.29,118.023,222933,4
0UzymivvUH5s8z4PeWZJaK,FEVER,ENHYPEN,0.6,0.713,6,-5.079,0,0.0642,0.0,0.142,0.471,72.999,172107,4
0nwTMzpatarzvLvtwwzdCt,Thunderous,Stray Kids,0.601,0.786,1,-3.706,1,0.213,0.0,0.209,0.79,172.156,183267,4
5dntGTbUtmUO239wQ0k3yM,Mmmh,KAI,0.659,0.718,7,-5.607,0,0.202,1.01e-06,0.2,0.297,136.96,192347,4
5btJjUxmhPK1cwdw0mnhRD,"Love, Maybe",SECRET NUMBER,0.519,0.726,11,-2.874,1,0.518,0.0,0.116,0.453,171.97,185000,4
0dnkOK5hGUCmIJ7FDF0yHz,DUMB DUMB,JEON SOMI,0.851,0.749,2,-6.233,1,0.0182,0.000149,0.0885,0.424,103.053,149447,4
26EM9sZnQkLLQxixGd88KE,I Am The Best,2NE1,0.819,0.844,0,-3.739,1,0.00767,0.00834,0.056,0.687,127.997,208731,4
0CatzXH85XWyBqqdB6qPMB,Beatbox,NCT DREAM,0.857,0.7,4,-4.189,0,0.0411,0.0,0.0334,0.773,93.997,205133,4
2afNmSvxjRvXw3Fqm9qWfK,DEEP,HYO,0.784,0.908,7,-1.923,1,0.0632,2.75e-06,0.157,0.563,126.98,179120,4
30g5E9MteFxeG9pDvRKJNl,Brave,Kim Jong Wan of NELL,0.27,0.499,8,-7.821,1,0.755,0.118,0.153,0.288,184.313,262144,3
2bnJ8IxZnVc2YmUaX0sZap,JIKJIN,TREASURE,0.819,0.55,0,-6.57,1,0.0367,0.0,0.0945,0.573,130.077,184118,4
2xtP8RNbo2BEMzLX7tK7aq,CRY FOR ME,TWICE,0.702,0.692,10,-5.405,1,0.0542,0.0,0.0877,0.419,144.896,204168,4
2dHoVW9AxJVSRebPRyV2aA,Gone,ROSÉ,0.647,0.377,6,-6.003,1,0.594,0.0,0.0768,0.653,79.936,207164,4
2hyMwrgQBUHEBPnvJmITsg,Just A Dancer,SUNYE,0.748,0.748,6,-3.546,0,0.14,0.0,0.295,0.517,103.972,201467,4
2gzhQaCTeNgxpeB2TPllyY,With you,HA SUNG WOON,0.532,0.426,3,-6.117,1,0.639,0.0,0.134,0.137,149.898,201905,3
34JfHOd0fcefm4FSPSrIhF,Cold Blooded,Jessi,0.961,0.739,9,-6.665,1,0.0794,0.0,0.0372,0.759,119.96,150053,4
5m7UOBjNO6Zp9gWdyscqDx,HIT YA!,Lapillus,0.676,0.935,0,-2.899,1,0.00157,0.0127,0.118,0.661,144.942,201724,4
2tEMbypmvYhf84mzVbhxwZ,NANANA,GOT7,0.706,0.692,5,-4.433,0,0.0768,0.0,0.173,0.601,137.006,187467,4
27zrFrtUtWl2urlvjOn5xc,Say Yes,Punch,0.696,0.778,1,-4.653,0,0.352,0.0,0.329,0.41,94.996,218897,4
2X45nVBeYzmDlrXji9Av0Q,"Love, Maybe",MeloMance,0.402,0.731,8,-3.529,1,0.508,0.0,0.146,0.631,171.594,185000,4
4oqx4yqCwbudGYhgb7cqC5,Inevitable,Suzy,0.581,0.273,0,-11.083,0,0.836,0.000571,0.103,0.133,76.994,231427,4
6rgMOrZmsa3eKZfRSw1587,Calico,DPR IAN,0.867,0.522,10,-8.06,0,0.289,0.0,0.0948,0.788,99.972,222520,4
2DRLpcA0XTBRt2T2IRUHJO,Ribbon,DPR IAN,0.791,0.657,10,-5.92,0,0.132,0.00359,0.129,0.583,104.981,215320,4
7hu1jbKiv9hHkjeeZ1L1TB,Miss Understood,DPR IAN,0.516,0.616,6,-9.584,0,0.526,0.0318,0.111,0.792,117.905,200880,4
2gYj9lubBorOPIVWsTXugG,After LIKE,IVE,0.68,0.922,0,-1.215,1,0.103,0.0,0.0877,0.799,125.014,176973,4
3Owz3vrIE44Hvt0sLsfwHI,My Satisfaction,IVE,0.5,0.923,11,-2.592,0,0.141,0.0,0.0938,0.362,136.995,193000,4
7aE3sjTS630hU6GHSLJmjx,Restless,MelodyDay,0.758,0.721,6,-4.418,1,0.197,0.0,0.275,0.681,89.006,213054,4
1Rrj7KyS2R6SP9CQMDJW1w,VERY NICE,SEVENTEEN,0.746,0.898,3,-2.818,0,0.0526,0.0,0.0858,0.879,121.967,192093,4
1AigcD5jRDRZeSUwbDebgW,Hard to Love,BLACKPINK,0.645,0.767,5,-5.151,1,0.00525,0.0,0.177,0.438,104.975,162570,4
7gRFDGEzF9UkBV233yv2dc,Shut Down,BLACKPINK,0.818,0.69,0,-5.119,1,0.00327,0.0,0.186,0.688,110.071,175889,3
6nzCvAtyADh0wwZEVMoujK,By My Side,JUNNY,0.466,0.429,8,-4.52,1,0.672,0.0,0.0928,0.375,179.462,206680,3
2aLH4EiEoZLpbeEQvTBbtH,Venus,DPR LIVE,0.847,0.455,10,-8.437,0,0.23,0.0,0.0892,0.802,128.951,196813,4
3Wu4lFjkhcXxB6WWaX9gtr,What Do I Call You,TAEYEON,0.75,0.586,11,-4.639,0,0.0733,0.0,0.347,0.835,139.889,167747,4
2TfsNTyC4uuamXBZJnU0ga,Nerdy Love,Yerin Baek,0.755,0.591,9,-6.655,1,0.535,0.0,0.0862,0.873,103.996,196373,4
1BrB7PB1sOwaVZsrLaWInN,your love,Jimmy Brown,0.63,0.568,5,-9.051,0,0.0658,0.0,0.102,0.785,157.0,155924,4
0fN27m84ofEpWHGwJ0THYz,Forever Only,JAEHYUN,0.599,0.757,4,-2.728,0,0.0776,1.59e-06,0.469,0.708,180.017,196120,4
4ubg38wkWizzLsQwLuE6rM,In My Dreams,Red Velvet,0.652,0.536,1,-4.517,1,0.215,0.0066,0.0489,0.179,101.044,204760,3
1bXM8imxd31qCecbHgSk9E,"HELLO (NAYEON, MOMO, CHAEYOUNG)",TWICE,0.813,0.638,0,-4.274,0,0.0363,0.0,0.057,0.544,169.968,183213,4
7KwxU8kseYKf5pLbuI25g0,Irene,Jimmy Brown,0.877,0.5,1,-5.54,1,0.744,0.0,0.108,0.412,121.966,199672,3
2nWaeTFKL8JcVfpPBkfsho,Wake Me Up (Feat. Meego),Meego,0.781,0.499,5,-6.228,1,0.764,3.9e-06,0.15,0.679,81.009,204587,4
1oEMCcw6M6aSVVDURlBFeu,Why,HEIZE,0.553,0.706,11,-4.61,0,0.175,2.57e-05,0.253,0.427,94.913,188573,4
0lSJQip2wVidbu1JfZ4IEQ,비누,BIBI,0.842,0.522,4,-5.815,0,0.719,0.0,0.191,0.641,119.045,182200,4
1QpwvWMQGdOgA8MXXfgs4H,DICE,NMIXX,0.556,0.798,7,-3.331,1,0.0848,0.0,0.33,0.628,131.096,165747,4
3gAXVQOR0h7Ks71lsr5MFZ,Animal Farm,BIBI,0.617,0.57,5,-4.28,0,0.0178,5.92e-06,0.55,0.375,107.971,203946,3
0RDqNCRBGrSegk16Avfzuq,Talk that Talk,TWICE,0.772,0.907,3,-2.438,0,0.136,0.0,0.334,0.783,119.973,177467,4
6SYVnDzwzMmTGqW13DSiZA,COOL (Your rainbow),NMIXX,0.594,0.722,8,-5.473,1,0.554,0.0,0.323,0.572,148.904,170400,4
320twJYO0LC64eWCuCC5vj,NAN CHUN 난춘,SE SO NEON,0.49,0.534,1,-3.43,1,0.0455,1.89e-05,0.433,0.439,141.173,229494,3
1dfsPqH09vnzUWEOsN98Ex,28 Reasons,SEULGI,0.766,0.651,5,-3.546,0,0.211,2.51e-06,0.144,0.488,121.995,189413,4
5eFGkCXi83auDi0bcDBEKD,Dead Man Runnin’,SEULGI,0.54,0.744,4,-2.605,1,0.216,0.0,0.116,0.299,150.021,199320,4
4K08CJWZXj85wkMIvCrVFg,"Bad Boy, Sad Girl",BE'O,0.752,0.632,6,-3.52,1,0.348,0.0,0.111,0.644,148.01,177067,4
7vRodvsF37NGUYRSVMIRXj,Anywhere But Home,SEULGI,0.698,0.798,11,-2.583,1,0.345,1.47e-06,0.377,0.528,117.051,201093,4
567IUuKvajZzMJPiLEzci4,Los Angeles,SEULGI,0.741,0.727,1,-6.658,1,0.129,0.00448,0.11,0.397,118.942,222667,4
4Y0EawuG8OtyYNyJulWnDu,Crown,SEULGI,0.604,0.58,6,-5.119,0,0.443,0.000337,0.164,0.34,86.015,195813,4
5mdWIwsJAzR97ShGkt8gcR,New thing (Prod. ZICO) (Feat. Homies),HOMIES,0.775,0.865,1,-2.015,1,0.0453,0.0,0.261,0.663,175.12,147427,4
6PFfx4sEBWPuFqFB0mgX1D,GLASSY,JO YURI,0.723,0.725,6,-3.815,1,0.23,0.0,0.0683,0.731,125.048,189933,4
00vy9aiFjxMfnKniQAYzrC,Love Shhh!,JO YURI,0.724,0.921,9,-1.489,1,0.0709,0.0,0.121,0.748,118.008,199067,4
4zCIxSnVWpGNghERX4uWZF,SMILEY(Feat. BIBI),BIBI,0.652,0.91,9,-3.444,1,0.0963,1.25e-05,0.093,0.82,155.967,173413,4
0JosgxxZKZ87QbW5TISJDE,The Hydra,LE SSERAFIM,0.766,0.75,11,-5.872,0,0.00279,0.0676,0.0943,0.534,104.064,104203,4
4fsQ0K37TOXa3hEQfjEic1,ANTIFRAGILE,LE SSERAFIM,0.882,0.797,10,-3.299,0,0.0821,0.0,0.113,0.824,105.025,184444,4
7F0MuIk5glqtowCUjbn9es,Impurities,LE SSERAFIM,0.715,0.757,9,-4.746,0,0.231,0.0,0.0656,0.464,90.065,196365,4
21ApmVGIzIAIDSBdHu6SVt,No Celestial,LE SSERAFIM,0.618,0.801,7,-2.905,1,0.0168,0.0,0.131,0.699,138.028,166491,4
1sZBzYhrQG40zcSuKkI93c,Good Parts (when the quality is bad but I am),LE SSERAFIM,0.785,0.679,0,-4.907,1,0.516,0.0,0.417,0.616,121.121,156355,4
3O8G8eVrhfXTGttyQ1xVuq,CASE 143,Stray Kids,0.812,0.89,6,-2.661,0,0.0961,0.0,0.0222,0.69,100.006,191965,4
1RHTdr5QfviCYI70QPPDJN,Generation,tripleS,0.644,0.938,4,-2.206,0,0.0459,0.0,0.777,0.919,119.977,164187,4
4g12dvo4AVBauxNdJDCZnU,Rolex,tripleS,0.748,0.853,9,-3.299,0,0.326,0.0,0.169,0.76,107.021,192973,4
598PcdqvquELhtJU0ummkx,Charla,tripleS,0.767,0.871,0,-2.949,1,0.28,0.0,0.0403,0.725,132.075,183453,4
5kuOlpBAyvhO76SlapYGTQ,Dimension (AAA Ver.),tripleS,0.604,0.916,4,-1.401,0,0.0352,0.02,0.0871,0.469,109.014,191493,4
6PLaOLewEQ8D56cLkq36tM,Access,tripleS,0.668,0.867,2,-4.38,1,0.0568,0.134,0.266,0.842,119.969,45813,4
7ra9FZOGKDhiodoH5fuYsy,Funky Glitter Christmas,NMIXX,0.681,0.824,9,-0.681,1,0.115,0.0,0.0221,0.881,113.956,190307,4
7ixVW7RobslvMrvlzHYLha,Cheshire,ITZY,0.79,0.838,7,-3.183,1,0.332,7.07e-06,0.357,0.738,98.966,182453,4
1i0NAz5emJMbRWSkADMsL7,Snowy,ITZY,0.766,0.827,11,-2.851,0,0.115,0.0,0.29,0.813,132.945,173560,4
6VgVT2ZxtssMdzrbfW1R0d,Freaky,ITZY,0.832,0.684,3,-4.358,1,0.358,0.0,0.193,0.688,95.022,175147,4
1V3EKDf81bitSEQTYjOJzZ,Boys Like You,ITZY,0.834,0.89,2,-4.359,1,0.0296,0.0,0.0597,0.874,127.994,223387,4
0RDqNCRBGrSegk16Avfzuq,Talk that Talk,TWICE,0.772,0.907,3,-2.438,0,0.136,0.0,0.334,0.783,119.973,177467,4
2pIUpMhHL6L9Z5lnKxJJr9,Attention,NewJeans,0.811,0.648,10,-3.684,0,0.236,0.0,0.0761,0.695,104.988,180067,4
1QpwvWMQGdOgA8MXXfgs4H,DICE,NMIXX,0.556,0.798,7,-3.331,1,0.0848,0.0,0.33,0.628,131.096,165747,4
6NnCWIWV740gP7DQ8kqdIE,Nxde,(G)I-DLE,0.726,0.91,4,-1.948,0,0.0413,7.81e-06,0.479,0.648,135.966,178453,4
1dfsPqH09vnzUWEOsN98Ex,28 Reasons,SEULGI,0.766,0.651,5,-3.546,0,0.211,2.51e-06,0.144,0.488,121.995,189413,4
3O8G8eVrhfXTGttyQ1xVuq,CASE 143,Stray Kids,0.812,0.89,6,-2.661,0,0.0961,0.0,0.0222,0.69,100.006,191965,4
3lOMJTQTd6J34faYwASc33,POP!,NAYEON,0.795,0.859,2,-2.994,1,0.0361,0.0,0.0321,0.356,96.986,168107,4
7n2FZQsaLb7ZRfRPfEeIvr,ELEVEN,IVE,0.828,0.731,9,-3.033,1,0.0617,0.0,0.048,0.587,119.978,178453,4
4fsQ0K37TOXa3hEQfjEic1,ANTIFRAGILE,LE SSERAFIM,0.882,0.797,10,-3.299,0,0.0821,0.0,0.113,0.824,105.025,184444,4
4zCIxSnVWpGNghERX4uWZF,SMILEY(Feat. BIBI),BIBI,0.652,0.91,9,-3.444,1,0.0963,1.25e-05,0.093,0.82,155.967,173413,4
0YJFlxeHMUr9MxSDQVuQJA,My Time,BTS,0.674,0.641,0,-5.139,0,0.149,0.0,0.0925,0.664,99.91,234458,4
3n2FfnO1tjMxyWHofqKX7S,Express Moon,JO YURI,0.731,0.502,2,-5.843,1,0.735,0.0,0.337,0.321,120.089,185213,3
37YoRLUu1qId0ewavgvnkG,Blue Flame,LE SSERAFIM,0.781,0.725,4,-3.571,0,0.0281,0.0,0.0761,0.765,112.045,201895,4
6wBpO4Xc4YgShnENGSFA1M,Sour Grapes,LE SSERAFIM,0.779,0.801,6,-5.564,0,0.395,0.0,0.108,0.72,139.998,196540,4
5expoVGQPvXuwBBFuNGqBd,Hurt,NewJeans,0.599,0.446,10,-6.511,0,0.731,0.0,0.105,0.567,179.877,177947,4
1RHTdr5QfviCYI70QPPDJN,Generation,tripleS,0.644,0.938,4,-2.206,0,0.0459,0.0,0.777,0.919,119.977,164187,4
5MvxeZPiiLAuB5gI8k3ynk,Can't Love You Anymore (With OHHYUK),OHHYUK,0.611,0.63,9,-4.419,0,0.566,0.0,0.237,0.66,65.619,195230,4
56Yxkm62GtEpnPyG7TvwLY,LOCO,ITZY,0.759,0.886,1,-3.067,1,0.0103,2.04e-05,0.342,0.489,102.065,191462,4
0a4MMyCrzT0En247IhqZbD,Hype Boy,NewJeans,0.593,0.935,4,-3.43,0,0.268,0.0,0.286,0.783,99.976,179027,4
2DwUdMJ5uxv20EhAildreg,Cookie,NewJeans,0.847,0.638,0,-3.764,1,0.0596,0.0,0.0894,0.661,156.935,235562,4
65rmgd5uMb4Rgqb5dSiU0p,Doughnut,TWICE,0.693,0.586,5,-6.098,0,0.233,0.0,0.145,0.459,82.039,263680,4
5xrtzzzikpG3BLbo4q1Yul,LILAC,IU,0.738,0.89,2,-2.275,0,0.0895,1.89e-06,0.213,0.75,114.942,214253,4
6SSC9KZQaxBdyipKRigrFC,Heart Attack (츄),LOONA,0.663,0.857,7,-3.457,1,0.0524,0.0,0.591,0.75,99.014,194941,4
4EMAaWwu2zXTkXIA6YPKkt,Hi High,LOONA,0.671,0.918,7,-2.267,0,0.0349,9.59e-06,0.215,0.543,97.005,196801,4
4rKEmhNA19JezqVsSQS4yo,love4eva (feat. Grimes),LOONA/yyxy,0.738,0.954,1,-2.146,1,0.0692,0.0,0.222,0.742,102.015,220477,4
1ffNBM0LCbHya4SezmmAH8,Control Me,Colde,0.63,0.664,7,-6.722,0,0.837,0.0,0.426,0.773,85.911,204999,4
72KXAGlKfL9Y3FJPcsMrzZ,NEON,DPR LIVE,0.586,0.949,10,-4.535,0,0.0357,0.000293,0.491,0.678,183.936,200813,4
3lrNsPdn98i6rxO142pLT6,O.O,NMIXX,0.39,0.767,11,-3.918,0,0.0354,4.26e-06,0.0601,0.285,200.263,172936,4
4kaY4LbdbomICC25gYGGtn,IF YOU,BIGBANG,0.672,0.46,1,-6.213,1,0.521,0.0,0.144,0.204,141.822,264216,4
0BTaaKT4RMbs5M73tOHX5Y,Alcohol-Free,TWICE,0.688,0.909,8,-1.992,1,0.0474,1.35e-06,0.0674,0.702,97.097,210573,4
72cq3rZCIEYaq1TM8y5LBQ,Your Dog Loves You (Feat. Crush),Crush,0.413,0.232,9,-11.87,1,0.928,3.15e-05,0.155,0.134,93.661,270003,1
296nXCOv97WJNRWzIBQnoj,FEARLESS,LE SSERAFIM,0.863,0.62,7,-7.167,1,0.0508,0.00324,0.129,0.432,103.971,168437,4
7lB4rxNVc7vm33ZSZXVRAQ,CHEER UP,TWICE,0.551,0.885,6,-1.489,1,0.139,0.0,0.114,0.509,172.95,208853,4
0nwTMzpatarzvLvtwwzdCt,Thunderous,Stray Kids,0.601,0.786,1,-3.706,1,0.213,0.0,0.209,0.79,172.156,183267,4
0IGUXY4JbK18bu9oD4mPIm,TOMBOY,(G)I-DLE,0.755,0.87,1,-2.414,0,0.00988,0.0,0.0917,0.645,124.032,174387,4
5XO1SOADQxkdqGLFxX8rLN,The Great Mermaid,LE SSERAFIM,0.625,0.824,0,-4.619,0,0.000884,0.0,0.0908,0.438,94.963,177795,4
00vy9aiFjxMfnKniQAYzrC,Love Shhh!,JO YURI,0.724,0.921,9,-1.489,1,0.0709,0.0,0.121,0.748,118.008,199067,4
5quFr5s5PXYfUX5jV2EBZ1,GANADARA (Feat. IU),IU,0.492,0.615,2,-6.663,1,0.196,0.0,0.0772,0.458,90.081,203728,4
6RBziRcDeiho3iTPdtEeg9,Event Horizon,Younha,0.534,0.861,11,-3.177,0,0.0758,0.0,0.167,0.286,97.977,300787,4
52CBUrIdyf8tbZaUY9iawE,After School,Weeekly,0.634,0.928,1,-1.609,1,0.00719,2.55e-06,0.0626,0.738,164.007,205373,4
3zhbXKFjUDw40pTYyCgt1Y,What is Love,TWICE,0.574,0.909,8,-1.573,1,0.0987,0.0,0.264,0.569,169.966,208240,4
6SYVnDzwzMmTGqW13DSiZA,COOL (Your rainbow),NMIXX,0.594,0.722,8,-5.473,1,0.554,0.0,0.323,0.572,148.904,170400,4
2qQpFbqqkLOGySgNK8wBXt,FANCY,TWICE,0.697,0.874,5,-2.15,0,0.0122,0.0,0.627,0.775,132.018,213880,4
0IEVKWduAaMcZepZQVr80T,Likey,TWICE,0.723,0.903,4,-1.262,0,0.413,0.000377,0.118,0.443,132.006,207813,4
63irPUP3xB74fHdw1Aw9zR,MANIAC,Stray Kids,0.581,0.8,1,-2.613,1,0.154,0.0,0.0697,0.709,119.872,182758,5
1lUNlmwyhsJy6kXmmrO11t,As It Was - Spotify Singles,SEUNGKWAN,0.509,0.83,9,-4.446,1,0.0138,0.00263,0.208,0.83,174.009,159640,4
47UUNYT0lsDnX9EYHIBf3L,Right Here Right Now (Feat. LOCO & JAY PARK),Loco,0.742,0.634,4,-6.395,0,0.0619,0.0,0.15,0.42,122.864,213040,4
2BAlBVu2OLWEfFsd4Irqwt,Chase,MINHO,0.728,0.637,6,-5.26,1,0.47,0.0,0.27,0.319,99.962,206053,4
7ixVW7RobslvMrvlzHYLha,Cheshire,ITZY,0.79,0.838,7,-3.183,1,0.332,7.07e-06,0.357,0.738,98.966,182453,4
245onUPHGD1DYuiacxTuW0,KAZINO,BIBI,0.625,0.686,6,-3.715,0,0.139,0.0,0.11,0.263,133.041,185947,4
3r8RuvgbX9s7ammBn07D3W,Ditto,NewJeans,0.814,0.641,6,-5.957,0,0.027,0.0,0.0993,0.183,133.854,185507,4
65FftemJ1DbbZ45DUfHJXE,OMG,NewJeans,0.804,0.771,9,-4.067,0,0.357,3.07e-06,0.108,0.739,126.956,212253,4
65FftemJ1DbbZ45DUfHJXE,OMG,NewJeans,0.804,0.771,9,-4.067,0,0.357,3.07e-06,0.108,0.739,126.956,212253,4
5cTnKClHyczcUhFT8MKBZe,HALAZIA,ATEEZ,0.482,0.884,6,-4.538,0,0.000677,0.000575,0.0883,0.377,171.915,197026,4
3r8RuvgbX9s7ammBn07D3W,Ditto,NewJeans,0.814,0.641,6,-5.957,0,0.027,0.0,0.0993,0.183,133.854,185507,4
4fsQ0K37TOXa3hEQfjEic1,ANTIFRAGILE,LE SSERAFIM,0.882,0.797,10,-3.299,0,0.0821,0.0,0.113,0.824,105.025,184444,4
6NnCWIWV740gP7DQ8kqdIE,Nxde,(G)I-DLE,0.726,0.91,4,-1.948,0,0.0413,7.81e-06,0.479,0.648,135.966,178453,4
0ra3bPUOj2YnY4FJHXtgHZ,BIBI Vengeance,BIBI,0.442,0.748,11,-4.718,0,0.0272,0.000128,0.0642,0.408,99.981,165135,4
27bIik73QCu8Xzt3xpG1bI,Candy,NCT DREAM,0.65,0.964,1,-1.329,1,0.0538,0.0,0.245,0.836,120.008,217067,4
7ixVW7RobslvMrvlzHYLha,Cheshire,ITZY,0.79,0.838,7,-3.183,1,0.332,7.07e-06,0.357,0.738,98.966,182453,4
11BLMmPoTgKEi4XBDxdpYN,FAM (Korean Ver.),Stray Kids,0.914,0.805,1,-3.339,1,0.0894,2.57e-06,0.0668,0.349,105.003,213071,4
7EP9G7AIKrywWGdYsYZzGv,Back Down,P1Harmony,0.809,0.731,10,-1.455,0,0.0734,0.0,0.0822,0.614,99.957,168053,4
0aW2wxU16UTuwohjldJ5v0,Black Eye,VERNON,0.598,0.799,1,-3.835,1,0.0388,0.0,0.0877,0.62,89.919,160280,4
1AZjCZSGEjlxUufFQwSszF,Wild Flower (with youjeen),Youjeen,0.486,0.766,8,-5.821,1,0.0282,0.0,0.123,0.417,154.992,273500,4
2gYj9lubBorOPIVWsTXugG,After LIKE,IVE,0.68,0.922,0,-1.215,1,0.103,0.0,0.0877,0.799,125.014,176973,4
2BAlBVu2OLWEfFsd4Irqwt,Chase,MINHO,0.728,0.637,6,-5.26,1,0.47,0.0,0.27,0.319,99.962,206053,4
7gjNxZa0eOEFLY1So9s3fC,WHEN I MOVE,KARA,0.712,0.849,10,-2.431,0,0.205,0.0,0.0605,0.611,115.779,178360,4
4LJgBT9yo0beHlaBesCFEv,Birthday,Red Velvet,0.645,0.864,10,-2.065,0,0.0486,0.0,0.0491,0.673,149.949,216440,4
0I9SiHgJ8DTwAIoJPLn81c,LIMBO!,NATURE,0.633,0.917,1,-2.02,0,0.0266,0.0,0.0512,0.489,143.026,196333,4
1h3hfUrphvCzFNPCsglzp2,Keep me up,B.I,0.668,0.775,7,-5.349,0,0.158,6.1e-06,0.119,0.779,102.064,206660,4
1RDvyOk4WtPCtoqciJwVn8,Dreamers [Music from the FIFA World Cup Qatar 2022 Official Soundtrack],FIFA Sound,0.71,0.879,0,-4.218,1,0.158,0.00142,0.439,0.341,114.993,201391,4
1QpwvWMQGdOgA8MXXfgs4H,DICE,NMIXX,0.556,0.798,7,-3.331,1,0.0848,0.0,0.33,0.628,131.096,165747,4
0h7QMc9ZRzA9QJrbEHytn2,The Astronaut,JIN,0.54,0.761,5,-5.356,1,0.00446,2.5e-06,0.137,0.215,124.988,282463,4
4TXo3KpvdwHSdrPJlWDfgn,Forgive Me,BoA,0.63,0.894,5,-1.877,0,0.154,0.0,0.485,0.635,100.029,168347,4
1RHTdr5QfviCYI70QPPDJN,Generation,tripleS,0.644,0.938,4,-2.206,0,0.0459,0.0,0.777,0.919,119.977,164187,4
4ZYSJfjSuR1XqcUPaTxjuG,Hair Cut,Xdinary Heroes,0.677,0.939,11,-2.153,0,0.0139,0.0,0.308,0.522,129.939,205230,4
6RBziRcDeiho3iTPdtEeg9,Event Horizon,Younha,0.534,0.861,11,-3.177,0,0.0758,0.0,0.167,0.286,97.977,300787,4
34y2pV3RGFiCHSP12bNHVk,Boys Like You,ITZY,0.836,0.903,2,-4.249,1,0.0318,0.0,0.0688,0.882,128.009,223373,4
1WKLxJpDqkQ9x1qEDNutoX,2 Baddies,NCT 127,0.596,0.921,2,-2.372,1,0.153,0.0,0.0922,0.529,171.96,230293,4
3O8G8eVrhfXTGttyQ1xVuq,CASE 143,Stray Kids,0.812,0.89,6,-2.661,0,0.0961,0.0,0.0222,0.69,100.006,191965,4
0oeVHAgY8Q7Mdce5Quj2G4,ILLELLA,MAMAMOO,0.523,0.83,11,-2.089,1,0.00359,0.0,0.0806,0.812,173.931,166053,4
1dfsPqH09vnzUWEOsN98Ex,28 Reasons,SEULGI,0.766,0.651,5,-3.546,0,0.211,2.51e-06,0.144,0.488,121.995,189413,4
5mdWIwsJAzR97ShGkt8gcR,New thing (Prod. ZICO) (Feat. Homies),HOMIES,0.775,0.865,1,-2.015,1,0.0453,0.0,0.261,0.663,175.12,147427,4
1ex8euBuzVyqjThnYfwY2k,HELLO,TREASURE,0.653,0.575,2,-5.432,1,0.0315,0.0,0.0764,0.528,135.015,181433,4
3Jd4JERZ7EP1bdeWRh0rsD,Sour,The Rose,0.498,0.804,9,-4.715,1,0.0334,8.35e-05,0.0739,0.329,154.344,200582,4
0a4MMyCrzT0En247IhqZbD,Hype Boy,NewJeans,0.593,0.935,4,-3.43,0,0.268,0.0,0.286,0.783,99.976,179027,4
1lUNlmwyhsJy6kXmmrO11t,As It Was - Spotify Singles,SEUNGKWAN,0.509,0.83,9,-4.446,1,0.0138,0.00263,0.208,0.83,174.009,159640,4
3gAXVQOR0h7Ks71lsr5MFZ,Animal Farm,BIBI,0.617,0.57,5,-4.28,0,0.0178,5.92e-06,0.55,0.375,107.971,203946,3
5aucVLKiumD89mxVCB4zvS,Rush Hour (Feat. j-hope of BTS),j-hope,0.738,0.714,0,-5.235,1,0.157,0.0,0.31,0.74,95.035,177303,4
0ARKW62l9uWIDYMZTUmJHF,Shut Down,BLACKPINK,0.82,0.686,0,-5.102,1,0.00412,0.0,0.184,0.668,110.058,175889,3
0RDqNCRBGrSegk16Avfzuq,Talk that Talk,TWICE,0.772,0.907,3,-2.438,0,0.136,0.0,0.334,0.783,119.973,177467,4
0VES0jpNQEdRpD31gYDIMe,LAW (Prod. Czaer),BIBI,0.756,0.9,2,-4.428,1,0.00857,0.000111,0.237,0.55,128.054,189373,4
0Q5VnK2DYzRyfqQRJuUtvi,LOVE DIVE,IVE,0.703,0.709,1,-4.169,0,0.00379,5.43e-05,0.333,0.538,117.941,177187,4
5zwwW9Oq7ubSxoCGyW1nbY,Pink Venom,BLACKPINK,0.693,0.734,4,-6.189,1,0.0145,0.0,0.217,0.708,180.06,186964,4
2pIUpMhHL6L9Z5lnKxJJr9,Attention,NewJeans,0.811,0.648,10,-3.684,0,0.236,0.0,0.0761,0.695,104.988,180067,4
2WoluqyWzsgRmFCeHeGlnm,SNEAKERS,ITZY,0.935,0.849,7,-3.047,1,0.0192,0.0,0.0223,0.551,119.986,179453,4
3lOMJTQTd6J34faYwASc33,POP!,NAYEON,0.795,0.859,2,-2.994,1,0.0361,0.0,0.0321,0.356,96.986,168107,4
296nXCOv97WJNRWzIBQnoj,FEARLESS,LE SSERAFIM,0.863,0.62,7,-7.167,1,0.0508,0.00324,0.129,0.432,103.971,168437,4
4XcxgZSriCYamtIA7BgT7V,BTBT,DeVita,0.766,0.664,9,-6.932,0,0.334,0.0,0.115,0.509,109.946,219550,4
6PRy17C5LiiN7VCLS6IA98,Future Perfect (Pass the MIC),ENHYPEN,0.658,0.9,9,-3.479,0,0.0364,0.0,0.0771,0.526,156.096,180750,4
5uFqjHOo3Sh0bVPCKf3DdH,Illusion,aespa,0.75,0.718,2,-2.817,0,0.0814,1.75e-05,0.322,0.592,90.027,195053,4
1HsSIPLTQT354yJcQGfEY3,Good Boy Gone Bad,TOMORROW X TOGETHER,0.475,0.695,1,-5.919,1,0.0159,0.0,0.125,0.552,100.009,191038,4
